#pathway ID	pathway description	observed gene count	false discovery rate	matching proteins in your network (IDs)	matching proteins in your network (labels)
GO.0006418	tRNA aminoacylation for protein translation	8	5.85e-17	ENSP00000223029,ENSP00000231572,ENSP00000262027,ENSP00000307567,ENSP00000325448,ENSP00000364794,ENSP00000377954,ENSP00000378191	AIMP1,AIMP2,IARS,KARS,LARS,MARS,QARS,RARS
GO.0006412	translation	8	3.66e-10	ENSP00000223029,ENSP00000231572,ENSP00000262027,ENSP00000307567,ENSP00000325448,ENSP00000364794,ENSP00000377954,ENSP00000378191	AIMP1,AIMP2,IARS,KARS,LARS,MARS,QARS,RARS
GO.0044267	cellular protein metabolic process	9	0.000252	ENSP00000223029,ENSP00000231572,ENSP00000262027,ENSP00000269143,ENSP00000307567,ENSP00000325448,ENSP00000364794,ENSP00000377954,ENSP00000378191	AFG3L2,AIMP1,AIMP2,IARS,KARS,LARS,MARS,QARS,RARS
GO.0010467	gene expression	9	0.00103	ENSP00000223029,ENSP00000231572,ENSP00000262027,ENSP00000269143,ENSP00000307567,ENSP00000325448,ENSP00000364794,ENSP00000377954,ENSP00000378191	AFG3L2,AIMP1,AIMP2,IARS,KARS,LARS,MARS,QARS,RARS
GO.0044281	small molecule metabolic process	7	0.00449	ENSP00000223029,ENSP00000231572,ENSP00000262027,ENSP00000307567,ENSP00000364794,ENSP00000377954,ENSP00000378191	AIMP1,AIMP2,IARS,LARS,MARS,QARS,RARS
GO.0006450	regulation of translational fidelity	2	0.00748	ENSP00000364794,ENSP00000377954	IARS,LARS
