#pathway ID	pathway description	observed gene count	false discovery rate	matching proteins in your network (IDs)	matching proteins in your network (labels)
04330	Notch signaling pathway	4	1.46e-06	ENSP00000294785,ENSP00000326366,ENSP00000355747,ENSP00000358105	APH1A,NCSTN,PSEN1,PSEN2
05010	Alzheimer s disease	4	0.000116	ENSP00000294785,ENSP00000326366,ENSP00000355747,ENSP00000358105	APH1A,NCSTN,PSEN1,PSEN2
04722	Neurotrophin signaling pathway	3	0.00193	ENSP00000326366,ENSP00000337853,ENSP00000355747	PSEN1,PSEN2,TRAF6
05216	Thyroid cancer	2	0.00538	ENSP00000261769,ENSP00000344456	CDH1,CTNNB1
05130	Pathogenic Escherichia coli infection	2	0.0135	ENSP00000261769,ENSP00000344456	CDH1,CTNNB1
05213	Endometrial cancer	2	0.0135	ENSP00000261769,ENSP00000344456	CDH1,CTNNB1
05200	Pathways in cancer	3	0.0172	ENSP00000261769,ENSP00000337853,ENSP00000344456	CDH1,CTNNB1,TRAF6
04520	Adherens junction	2	0.0177	ENSP00000261769,ENSP00000344456	CDH1,CTNNB1
05100	Bacterial invasion of epithelial cells	2	0.0177	ENSP00000261769,ENSP00000344456	CDH1,CTNNB1
